sample,site,sample_type,order,count
DEMAR-P1,DEMAR,pitfall,diptera,1
DEMAR-P1,DEMAR,pitfall,hemiptera,1
DEMAR-P1,DEMAR,pitfall,hymenoptera,8
DEMAR-P2,DEMAR,pitfall,coleoptera,1
DEMAR-P2,DEMAR,pitfall,hemiptera,1
DEMAR-P2,DEMAR,pitfall,hymenoptera,7
DEMAR-P2,DEMAR,pitfall,acari,1
DEMAR-P3,DEMAR,pitfall,coleoptera,2
DEMAR-P3,DEMAR,pitfall,diptera,1
DEMAR-P3,DEMAR,pitfall,hymenoptera,1
DEMAR-P3,DEMAR,pitfall,collembola,2
DEMAR-P3,DEMAR,pitfall,araneae,1
DEMAR-P4,DEMAR,pitfall,coleoptera,1
DEMAR-P4,DEMAR,pitfall,diptera,1
DEMAR-P4,DEMAR,pitfall,hymenoptera,8
DEMAR-P4,DEMAR,pitfall,acari,1
DEMAR-P4,DEMAR,pitfall,isopoda,1
DEMAR-P5,DEMAR,pitfall,coleoptera,2
DEMAR-P5,DEMAR,pitfall,hemiptera,2
DEMAR-P5,DEMAR,pitfall,hymenoptera,7
DEMAR-P5,DEMAR,pitfall,acari,2
DEMAR-P6,DEMAR,pitfall,coleoptera,3
DEMAR-P6,DEMAR,pitfall,hemiptera,1
DEMAR-P6,DEMAR,pitfall,araneae,2
DEMAR-P7,DEMAR,pitfall,coleoptera,3
DEMAR-P7,DEMAR,pitfall,diptera,2
DEMAR-P7,DEMAR,pitfall,hymenoptera,9
DEMAR-P7,DEMAR,pitfall,acari,2
DEMAR-P8,DEMAR,pitfall,hemiptera,2
DEMAR-P8,DEMAR,pitfall,hymenoptera,2
DEMAR-P9,DEMAR,pitfall,hymenoptera,1
DEMAR-P9,DEMAR,pitfall,collembola,1
DEMAR-P9,DEMAR,pitfall,acari,1
DEMAR-P10,DEMAR,pitfall,coleoptera,2
DEMAR-P10,DEMAR,pitfall,hemiptera,1
DEMAR-P10,DEMAR,pitfall,hymenoptera,5
DEMAR-P10,DEMAR,pitfall,acari,2
DEMAR-P10,DEMAR,pitfall,araneae,1
DEMAR-P11,DEMAR,pitfall,coleoptera,1
DEMAR-P11,DEMAR,pitfall,hemiptera,1
DEMAR-P11,DEMAR,pitfall,hymenoptera,23
DEMAR-P11,DEMAR,pitfall,collembola,1
DEMAR-P11,DEMAR,pitfall,acari,1
DEMAR-P11,DEMAR,pitfall,araneae,3
DEMAR-P11,DEMAR,pitfall,pseudoscorpiones,1
DEMAR-P12,DEMAR,pitfall,coleoptera,3
DEMAR-P12,DEMAR,pitfall,hemiptera,1
DEMAR-P12,DEMAR,pitfall,hymenoptera,1
DEMAR-P12,DEMAR,pitfall,acari,1
EMONI-P1,EMONI,pitfall,coleoptera,3
EMONI-P1,EMONI,pitfall,diptera,26
EMONI-P1,EMONI,pitfall,hymenoptera,2
EMONI-P1,EMONI,pitfall,collembola,1
EMONI-P1,EMONI,pitfall,embioptera,5
EMONI-P2,EMONI,pitfall,diptera,1
EMONI-P2,EMONI,pitfall,hymenoptera,43
EMONI-P2,EMONI,pitfall,araneae,1
EMONI-P3,EMONI,pitfall,diptera,1
EMONI-P3,EMONI,pitfall,hemiptera,1
EMONI-P3,EMONI,pitfall,hymenoptera,7
EMONI-P3,EMONI,pitfall,gastropoda,1
EMONI-P4,EMONI,pitfall,hemiptera,1
EMONI-P4,EMONI,pitfall,hymenoptera,14
EMONI-P5,EMONI,pitfall,diptera,4
EMONI-P5,EMONI,pitfall,hymenoptera,2
EMONI-P6,EMONI,pitfall,hymenoptera,3
EMONI-P7,EMONI,pitfall,diptera,10
EMONI-P7,EMONI,pitfall,hymenoptera,9
EMONI-P7,EMONI,pitfall,lepidoptera,1
EMONI-P7,EMONI,pitfall,araneae,1
EMONI-P8,EMONI,pitfall,coleoptera,3
EMONI-P8,EMONI,pitfall,diptera,1
EMONI-P8,EMONI,pitfall,hemiptera,1
EMONI-P8,EMONI,pitfall,hymenoptera,7
EMONI-P9,EMONI,pitfall,coleoptera,1
EMONI-P9,EMONI,pitfall,hymenoptera,6
EMONI-P9,EMONI,pitfall,acari,1
EMONI-P10,EMONI,pitfall,diptera,1
EMONI-P10,EMONI,pitfall,hymenoptera,9
EMONI-P10,EMONI,pitfall,acari,1
EMONI-P10,EMONI,pitfall,araneae,1
EMONI-P11,EMONI,pitfall,coleoptera,2
EMONI-P11,EMONI,pitfall,diptera,1
EMONI-P11,EMONI,pitfall,hemiptera,1
EMONI-P11,EMONI,pitfall,hymenoptera,5
EMONI-P11,EMONI,pitfall,embioptera,1
EMONI-P11,EMONI,pitfall,araneae,1
EMONI-P12,EMONI,pitfall,coleoptera,1
EMONI-P12,EMONI,pitfall,hymenoptera,5
EMONI-P12,EMONI,pitfall,acari,1
MALYKO-P1,MALYKO,pitfall,coleoptera,15
MALYKO-P1,MALYKO,pitfall,hymenoptera,14
MALYKO-P1,MALYKO,pitfall,embioptera,1
MALYKO-P2,MALYKO,pitfall,coleoptera,9
MALYKO-P2,MALYKO,pitfall,hymenoptera,11
MALYKO-P2,MALYKO,pitfall,collembola,3
MALYKO-P2,MALYKO,pitfall,thysanura,1
MALYKO-P2,MALYKO,pitfall,acari,1
MALYKO-P3,MALYKO,pitfall,coleoptera,12
MALYKO-P3,MALYKO,pitfall,hymenoptera,8
MALYKO-P4,MALYKO,pitfall,coleoptera,29
MALYKO-P4,MALYKO,pitfall,hymenoptera,4
MALYKO-P4,MALYKO,pitfall,embioptera,1
MALYKO-P4,MALYKO,pitfall,acari,1
MALYKO-P4,MALYKO,pitfall,araneae,1
MALYKO-P5,MALYKO,pitfall,coleoptera,8
MALYKO-P5,MALYKO,pitfall,hymenoptera,1
MALYKO-P5,MALYKO,pitfall,isopoda,1
MALYKO-P6,MALYKO,pitfall,coleoptera,12
MALYKO-P6,MALYKO,pitfall,hymenoptera,9
MALYKO-P6,MALYKO,pitfall,acari,1
MALYKO-P7,MALYKO,pitfall,coleoptera,14
MALYKO-P7,MALYKO,pitfall,hymenoptera,18
MALYKO-P7,MALYKO,pitfall,embioptera,1
MALYKO-P7,MALYKO,pitfall,araneae,1
MALYKO-P9,MALYKO,pitfall,coleoptera,14
MALYKO-P9,MALYKO,pitfall,diptera,1
MALYKO-P9,MALYKO,pitfall,hemiptera,29
MALYKO-P9,MALYKO,pitfall,hymenoptera,19
MALYKO-P9,MALYKO,pitfall,acari,1
MALYKO-P9,MALYKO,pitfall,araneae,1
MALYKO-P9,MALYKO,pitfall,isopoda,1
MALYKO-P10,MALYKO,pitfall,coleoptera,19
MALYKO-P10,MALYKO,pitfall,hemiptera,1
MALYKO-P10,MALYKO,pitfall,hymenoptera,4
MALYKO-P10,MALYKO,pitfall,acari,1
MALYKO-P11,MALYKO,pitfall,coleoptera,12
MALYKO-P11,MALYKO,pitfall,hemiptera,3
MALYKO-P11,MALYKO,pitfall,hymenoptera,12
MALYKO-P11,MALYKO,pitfall,acari,1
MALYKO-P12,MALYKO,pitfall,coleoptera,11
MALYKO-P12,MALYKO,pitfall,hemiptera,1
MALYKO-P12,MALYKO,pitfall,hymenoptera,8
MALYKO-P12,MALYKO,pitfall,acari,1
NALYKO-P1,NALYKO,pitfall,coleoptera,1
NALYKO-P1,NALYKO,pitfall,hymenoptera,1
NALYKO-P1,NALYKO,pitfall,araneae,1
NALYKO-P1,NALYKO,pitfall,chilopoda,1
NALYKO-P2,NALYKO,pitfall,coleoptera,5
NALYKO-P2,NALYKO,pitfall,hymenoptera,3
NALYKO-P3,NALYKO,pitfall,coleoptera,11
NALYKO-P3,NALYKO,pitfall,hymenoptera,5
NALYKO-P4,NALYKO,pitfall,coleoptera,2
NALYKO-P4,NALYKO,pitfall,hemiptera,1
NALYKO-P4,NALYKO,pitfall,hymenoptera,2
NALYKO-P4,NALYKO,pitfall,acari,2
NALYKO-P5,NALYKO,pitfall,coleoptera,10
NALYKO-P5,NALYKO,pitfall,hymenoptera,12
NALYKO-P6,NALYKO,pitfall,coleoptera,3
NALYKO-P6,NALYKO,pitfall,hymenoptera,2
NALYKO-P7,NALYKO,pitfall,coleoptera,9
NALYKO-P7,NALYKO,pitfall,hemiptera,1
NALYKO-P7,NALYKO,pitfall,hymenoptera,17
NALYKO-P7,NALYKO,pitfall,thysanura,1
NALYKO-P8,NALYKO,pitfall,coleoptera,4
NALYKO-P8,NALYKO,pitfall,hymenoptera,7
NALYKO-P8,NALYKO,pitfall,thysanura,1
NALYKO-P8,NALYKO,pitfall,acari,1
NALYKO-P9,NALYKO,pitfall,coleoptera,1
NALYKO-P9,NALYKO,pitfall,diptera,1
NALYKO-P9,NALYKO,pitfall,hemiptera,1
NALYKO-P9,NALYKO,pitfall,hymenoptera,11
NALYKO-P10,NALYKO,pitfall,coleoptera,6
NALYKO-P10,NALYKO,pitfall,hymenoptera,6
NALYKO-P11,NALYKO,pitfall,hemiptera,1
NALYKO-P11,NALYKO,pitfall,hymenoptera,9
NALYKO-P12,NALYKO,pitfall,coleoptera,22
NALYKO-P12,NALYKO,pitfall,hymenoptera,33
NALYKO-P12,NALYKO,pitfall,coleoptera_larvae,1
RACHI-P1,RACHI,pitfall,coleoptera,13
RACHI-P1,RACHI,pitfall,hemiptera,1
RACHI-P1,RACHI,pitfall,hymenoptera,7
RACHI-P1,RACHI,pitfall,lepidoptera,1
RACHI-P1,RACHI,pitfall,collembola,1
RACHI-P1,RACHI,pitfall,isoptera,1
RACHI-P1,RACHI,pitfall,acari,1
RACHI-P2,RACHI,pitfall,coleoptera,1
RACHI-P2,RACHI,pitfall,hemiptera,9
RACHI-P2,RACHI,pitfall,hymenoptera,12
RACHI-P2,RACHI,pitfall,acari,1
RACHI-P3,RACHI,pitfall,coleoptera,1
RACHI-P3,RACHI,pitfall,hymenoptera,10
RACHI-P3,RACHI,pitfall,acari,1
RACHI-P4,RACHI,pitfall,diptera,2
RACHI-P4,RACHI,pitfall,hemiptera,2
RACHI-P4,RACHI,pitfall,acari,1
RACHI-P5,RACHI,pitfall,diptera,1
RACHI-P5,RACHI,pitfall,hemiptera,4
RACHI-P5,RACHI,pitfall,hymenoptera,19
RACHI-P5,RACHI,pitfall,araneae,1
RACHI-P6,RACHI,pitfall,coleoptera,1
RACHI-P6,RACHI,pitfall,hymenoptera,5
RACHI-P6,RACHI,pitfall,orthoptera,1
RACHI-P6,RACHI,pitfall,araneae,1
RACHI-P7,RACHI,pitfall,coleoptera,2
RACHI-P7,RACHI,pitfall,diptera,1
RACHI-P7,RACHI,pitfall,hemiptera,1
RACHI-P7,RACHI,pitfall,hymenoptera,1
RACHI-P7,RACHI,pitfall,thysanura,2
RACHI-P7,RACHI,pitfall,araneae,1
RACHI-P8,RACHI,pitfall,coleoptera,1
RACHI-P8,RACHI,pitfall,hemiptera,1
RACHI-P8,RACHI,pitfall,hymenoptera,6
RACHI-P8,RACHI,pitfall,araneae,2
RACHI-P9,RACHI,pitfall,coleoptera,2
RACHI-P9,RACHI,pitfall,hemiptera,1
RACHI-P9,RACHI,pitfall,hymenoptera,2
RACHI-P9,RACHI,pitfall,thysanura,1
RACHI-P9,RACHI,pitfall,lepidoptera_larvae,1
RACHI-P10,RACHI,pitfall,coleoptera,3
RACHI-P10,RACHI,pitfall,hymenoptera,19
RACHI-P10,RACHI,pitfall,thysanura,1
RACHI-P10,RACHI,pitfall,acari,3
RACHI-P10,RACHI,pitfall,araneae,2
RACHI-P11,RACHI,pitfall,coleoptera,2
RACHI-P11,RACHI,pitfall,hymenoptera,8
RACHI-P11,RACHI,pitfall,araneae,4
RACHI-P12,RACHI,pitfall,coleoptera,1
RACHI-P12,RACHI,pitfall,hymenoptera,2
SAGRI-P1,SAGRI,pitfall,coleoptera,2
SAGRI-P1,SAGRI,pitfall,diptera,1
SAGRI-P1,SAGRI,pitfall,hymenoptera,7
SAGRI-P1,SAGRI,pitfall,thysanura,1
SAGRI-P1,SAGRI,pitfall,acari,2
SAGRI-P1,SAGRI,pitfall,pseudoscorpiones,1
SAGRI-P2,SAGRI,pitfall,coleoptera,2
SAGRI-P2,SAGRI,pitfall,hemiptera,2
SAGRI-P2,SAGRI,pitfall,hymenoptera,16
SAGRI-P2,SAGRI,pitfall,acari,9
SAGRI-P3,SAGRI,pitfall,coleoptera,3
SAGRI-P3,SAGRI,pitfall,hemiptera,1
SAGRI-P3,SAGRI,pitfall,hymenoptera,36
SAGRI-P3,SAGRI,pitfall,acari,1
SAGRI-P3,SAGRI,pitfall,araneae,1
SAGRI-P3,SAGRI,pitfall,isopoda,1
SAGRI-P3,SAGRI,pitfall,opilliones,1
SAGRI-P4,SAGRI,pitfall,coleoptera,4
SAGRI-P4,SAGRI,pitfall,hymenoptera,3
SAGRI-P4,SAGRI,pitfall,thysanura,1
SAGRI-P4,SAGRI,pitfall,acari,7
SAGRI-P4,SAGRI,pitfall,araneae,1
SAGRI-P5,SAGRI,pitfall,coleoptera,4
SAGRI-P5,SAGRI,pitfall,hymenoptera,23
SAGRI-P5,SAGRI,pitfall,thysanura,5
SAGRI-P5,SAGRI,pitfall,coleoptera_larvae,1
SAGRI-P5,SAGRI,pitfall,acari,6
SAGRI-P5,SAGRI,pitfall,araneae,2
SAGRI-P5,SAGRI,pitfall,isopoda,2
SAGRI-P6,SAGRI,pitfall,coleoptera,2
SAGRI-P6,SAGRI,pitfall,diptera,1
SAGRI-P6,SAGRI,pitfall,hymenoptera,30
SAGRI-P6,SAGRI,pitfall,orthoptera,1
SAGRI-P6,SAGRI,pitfall,acari,3
SAGRI-P6,SAGRI,pitfall,araneae,4
SAGRI-P6,SAGRI,pitfall,isopoda,1
SAGRI-P7,SAGRI,pitfall,hymenoptera,1
SAGRI-P7,SAGRI,pitfall,thysanura,1
SAGRI-P7,SAGRI,pitfall,araneae,1
SAGRI-P7,SAGRI,pitfall,opilliones,2
SAGRI-P8,SAGRI,pitfall,coleoptera,3
SAGRI-P8,SAGRI,pitfall,hemiptera,4
SAGRI-P8,SAGRI,pitfall,hymenoptera,22
SAGRI-P8,SAGRI,pitfall,acari,1
SAGRI-P8,SAGRI,pitfall,araneae,2
SAGRI-P8,SAGRI,pitfall,isopoda,2
SAGRI-P9,SAGRI,pitfall,coleoptera,5
SAGRI-P9,SAGRI,pitfall,hemiptera,2
SAGRI-P9,SAGRI,pitfall,hymenoptera,28
SAGRI-P9,SAGRI,pitfall,acari,1
SAGRI-P9,SAGRI,pitfall,araneae,2
SAGRI-P10,SAGRI,pitfall,coleoptera,4
SAGRI-P10,SAGRI,pitfall,hemiptera,6
SAGRI-P10,SAGRI,pitfall,hymenoptera,3
SAGRI-P10,SAGRI,pitfall,acari,2
SAGRI-P10,SAGRI,pitfall,araneae,3
SAGRI-P11,SAGRI,pitfall,coleoptera,1
SAGRI-P11,SAGRI,pitfall,hymenoptera,5
SAGRI-P11,SAGRI,pitfall,acari,1
SAGRI-P11,SAGRI,pitfall,araneae,1
SAGRI-P12,SAGRI,pitfall,coleoptera,2
SAGRI-P12,SAGRI,pitfall,hemiptera,1
SAGRI-P12,SAGRI,pitfall,hymenoptera,68
SAGRI-P12,SAGRI,pitfall,acari,1
SMONI-P1,SMONI,pitfall,coleoptera,1
SMONI-P1,SMONI,pitfall,diptera,1
SMONI-P1,SMONI,pitfall,hymenoptera,3
SMONI-P1,SMONI,pitfall,acari,1
SMONI-P1,SMONI,pitfall,araneae,3
SMONI-P2,SMONI,pitfall,coleoptera,8
SMONI-P2,SMONI,pitfall,diptera,1
SMONI-P2,SMONI,pitfall,hemiptera,1
SMONI-P2,SMONI,pitfall,hymenoptera,2
SMONI-P2,SMONI,pitfall,acari,11
SMONI-P2,SMONI,pitfall,araneae,1
SMONI-P3,SMONI,pitfall,coleoptera,2
SMONI-P3,SMONI,pitfall,hymenoptera,2
SMONI-P3,SMONI,pitfall,araneae,3
SMONI-P4,SMONI,pitfall,hemiptera,3
SMONI-P4,SMONI,pitfall,hymenoptera,7
SMONI-P4,SMONI,pitfall,acari,3
SMONI-P5,SMONI,pitfall,coleoptera,2
SMONI-P5,SMONI,pitfall,hemiptera,1
SMONI-P5,SMONI,pitfall,hymenoptera,10
SMONI-P5,SMONI,pitfall,acari,5
SMONI-P6,SMONI,pitfall,coleoptera,3
SMONI-P6,SMONI,pitfall,diptera,1
SMONI-P6,SMONI,pitfall,hymenoptera,8
SMONI-P6,SMONI,pitfall,acari,3
SMONI-P7,SMONI,pitfall,coleoptera,5
SMONI-P7,SMONI,pitfall,diptera,7
SMONI-P7,SMONI,pitfall,hemiptera,2
SMONI-P7,SMONI,pitfall,hymenoptera,3
SMONI-P7,SMONI,pitfall,collembola,3
SMONI-P7,SMONI,pitfall,thysanura,1
SMONI-P7,SMONI,pitfall,acari,3
SMONI-P7,SMONI,pitfall,chilopoda,2
SMONI-P8,SMONI,pitfall,coleoptera,1
SMONI-P8,SMONI,pitfall,diptera,6
SMONI-P8,SMONI,pitfall,hemiptera,3
SMONI-P8,SMONI,pitfall,hymenoptera,5
SMONI-P8,SMONI,pitfall,collembola,2
SMONI-P8,SMONI,pitfall,neuroptera,1
SMONI-P8,SMONI,pitfall,acari,1
SMONI-P8,SMONI,pitfall,chilopoda,1
SMONI-P9,SMONI,pitfall,coleoptera,1
SMONI-P9,SMONI,pitfall,diptera,2
SMONI-P9,SMONI,pitfall,hemiptera,4
SMONI-P9,SMONI,pitfall,hymenoptera,15
SMONI-P9,SMONI,pitfall,collembola,3
SMONI-P9,SMONI,pitfall,lepidoptera_larvae,1
SMONI-P9,SMONI,pitfall,acari,3
SMONI-P9,SMONI,pitfall,chilopoda,2
SMONI-P9,SMONI,pitfall,opilliones,1
SMONI-P10,SMONI,pitfall,coleoptera,2
SMONI-P10,SMONI,pitfall,hemiptera,1
SMONI-P10,SMONI,pitfall,hymenoptera,4
SMONI-P10,SMONI,pitfall,acari,7
SMONI-P11,SMONI,pitfall,coleoptera,6
SMONI-P11,SMONI,pitfall,diptera,2
SMONI-P11,SMONI,pitfall,hymenoptera,11
SMONI-P11,SMONI,pitfall,acari,7
SMONI-P12,SMONI,pitfall,coleoptera,2
SMONI-P12,SMONI,pitfall,hemiptera,2
SMONI-P12,SMONI,pitfall,hymenoptera,5
SMONI-P12,SMONI,pitfall,acari,3
VIGLA-P1,VIGLA,pitfall,coleoptera,2
VIGLA-P1,VIGLA,pitfall,diptera,1
VIGLA-P1,VIGLA,pitfall,hemiptera,4
VIGLA-P1,VIGLA,pitfall,hymenoptera,15
VIGLA-P2,VIGLA,pitfall,coleoptera,4
VIGLA-P2,VIGLA,pitfall,hemiptera,24
VIGLA-P2,VIGLA,pitfall,hymenoptera,7
VIGLA-P2,VIGLA,pitfall,embioptera,1
VIGLA-P2,VIGLA,pitfall,coleoptera_larvae,1
VIGLA-P2,VIGLA,pitfall,acari,1
VIGLA-P2,VIGLA,pitfall,pseudoscorpiones,1
VIGLA-P3,VIGLA,pitfall,hemiptera,2
VIGLA-P3,VIGLA,pitfall,hymenoptera,12
VIGLA-P3,VIGLA,pitfall,coleoptera_larvae,2
VIGLA-P3,VIGLA,pitfall,acari,2
VIGLA-P3,VIGLA,pitfall,isopoda,1
VIGLA-P3,VIGLA,pitfall,pseudoscorpiones,1
VIGLA-P4,VIGLA,pitfall,coleoptera,2
VIGLA-P4,VIGLA,pitfall,hymenoptera,25
VIGLA-P4,VIGLA,pitfall,coleoptera_larvae,1
VIGLA-P5,VIGLA,pitfall,coleoptera,1
VIGLA-P5,VIGLA,pitfall,hymenoptera,4
VIGLA-P5,VIGLA,pitfall,coleoptera_larvae,2
VIGLA-P5,VIGLA,pitfall,acari,1
VIGLA-P6,VIGLA,pitfall,coleoptera,2
VIGLA-P6,VIGLA,pitfall,hemiptera,3
VIGLA-P6,VIGLA,pitfall,hymenoptera,13
VIGLA-P6,VIGLA,pitfall,orthoptera,1
VIGLA-P6,VIGLA,pitfall,lepidoptera_larvae,1
VIGLA-P6,VIGLA,pitfall,araneae,1
VIGLA-P7,VIGLA,pitfall,coleoptera,7
VIGLA-P7,VIGLA,pitfall,hemiptera,1
VIGLA-P7,VIGLA,pitfall,hymenoptera,24
VIGLA-P7,VIGLA,pitfall,coleoptera_larvae,2
VIGLA-P7,VIGLA,pitfall,acari,1
VIGLA-P7,VIGLA,pitfall,pseudoscorpiones,1
VIGLA-P8,VIGLA,pitfall,coleoptera,5
VIGLA-P8,VIGLA,pitfall,hymenoptera,28
VIGLA-P9,VIGLA,pitfall,coleoptera,5
VIGLA-P9,VIGLA,pitfall,hymenoptera,3
VIGLA-P9,VIGLA,pitfall,araneae,1
VIGLA-P10,VIGLA,pitfall,diptera,1
VIGLA-P10,VIGLA,pitfall,hemiptera,1
VIGLA-P10,VIGLA,pitfall,hymenoptera,186
VIGLA-P11,VIGLA,pitfall,coleoptera,3
VIGLA-P11,VIGLA,pitfall,hymenoptera,12
VIGLA-P11,VIGLA,pitfall,araneae,1
VIGLA-P12,VIGLA,pitfall,coleoptera,1
VIGLA-P12,VIGLA,pitfall,hymenoptera,13
VIGLA-P12,VIGLA,pitfall,araneae,2
WMONI-P1,WMONI,pitfall,coleoptera,12
WMONI-P1,WMONI,pitfall,diptera,2
WMONI-P1,WMONI,pitfall,hemiptera,3
WMONI-P1,WMONI,pitfall,hymenoptera,20
WMONI-P1,WMONI,pitfall,acari,3
WMONI-P1,WMONI,pitfall,pseudoscorpiones,1
WMONI-P2,WMONI,pitfall,coleoptera,8
WMONI-P2,WMONI,pitfall,diptera,9
WMONI-P2,WMONI,pitfall,hemiptera,2
WMONI-P2,WMONI,pitfall,hymenoptera,16
WMONI-P2,WMONI,pitfall,collembola,29
WMONI-P2,WMONI,pitfall,acari,10
WMONI-P2,WMONI,pitfall,araneae,2
WMONI-P2,WMONI,pitfall,chilopoda,1
WMONI-P3,WMONI,pitfall,coleoptera,2
WMONI-P3,WMONI,pitfall,diptera,4
WMONI-P3,WMONI,pitfall,hymenoptera,15
WMONI-P3,WMONI,pitfall,collembola,5
WMONI-P4,WMONI,pitfall,coleoptera,3
WMONI-P4,WMONI,pitfall,diptera,1
WMONI-P4,WMONI,pitfall,hemiptera,2
WMONI-P4,WMONI,pitfall,hymenoptera,3
WMONI-P4,WMONI,pitfall,collembola,3
WMONI-P4,WMONI,pitfall,acari,1
WMONI-P5,WMONI,pitfall,coleoptera,1
WMONI-P5,WMONI,pitfall,hymenoptera,6
WMONI-P5,WMONI,pitfall,collembola,2
WMONI-P5,WMONI,pitfall,acari,1
WMONI-P5,WMONI,pitfall,araneae,1
WMONI-P6,WMONI,pitfall,coleoptera,4
WMONI-P6,WMONI,pitfall,hymenoptera,10
WMONI-P6,WMONI,pitfall,acari,1
WMONI-P7,WMONI,pitfall,coleoptera,5
WMONI-P7,WMONI,pitfall,hymenoptera,20
WMONI-P7,WMONI,pitfall,collembola,14
WMONI-P7,WMONI,pitfall,acari,5
WMONI-P7,WMONI,pitfall,araneae,1
WMONI-P8,WMONI,pitfall,coleoptera,3
WMONI-P8,WMONI,pitfall,diptera,1
WMONI-P8,WMONI,pitfall,hemiptera,1
WMONI-P8,WMONI,pitfall,hymenoptera,3
WMONI-P8,WMONI,pitfall,collembola,30
WMONI-P8,WMONI,pitfall,acari,5
WMONI-P9,WMONI,pitfall,coleoptera,1
WMONI-P9,WMONI,pitfall,hymenoptera,3
WMONI-P9,WMONI,pitfall,acari,1
WMONI-P10,WMONI,pitfall,coleoptera,2
WMONI-P10,WMONI,pitfall,diptera,4
WMONI-P10,WMONI,pitfall,hymenoptera,26
WMONI-P10,WMONI,pitfall,collembola,16
WMONI-P10,WMONI,pitfall,acari,13
WMONI-P10,WMONI,pitfall,araneae,2
WMONI-P10,WMONI,pitfall,isopoda,1
WMONI-P11,WMONI,pitfall,coleoptera,3
WMONI-P11,WMONI,pitfall,hymenoptera,11
WMONI-P11,WMONI,pitfall,acari,1
WMONI-P11,WMONI,pitfall,araneae,1
WMONI-P12,WMONI,pitfall,coleoptera,2
WMONI-P12,WMONI,pitfall,diptera,1
WMONI-P12,WMONI,pitfall,hemiptera,1
WMONI-P12,WMONI,pitfall,hymenoptera,7
DEMAR-S1,DEMAR,sticky,diptera,13
DEMAR-S1,DEMAR,sticky,hymenoptera,1
DEMAR-S2,DEMAR,sticky,diptera,10
DEMAR-S2,DEMAR,sticky,hemiptera,1
DEMAR-S3,DEMAR,sticky,coleoptera,1
DEMAR-S3,DEMAR,sticky,diptera,13
DEMAR-S4,DEMAR,sticky,coleoptera,1
DEMAR-S4,DEMAR,sticky,diptera,3
DEMAR-S4,DEMAR,sticky,araneae,1
DEMAR-S5,DEMAR,sticky,diptera,7
DEMAR-S6,DEMAR,sticky,diptera,8
DEMAR-S6,DEMAR,sticky,hemiptera,1
DEMAR-S6,DEMAR,sticky,hymenoptera,2
DEMAR-S6,DEMAR,sticky,homoptera,1
DEMAR-S7,DEMAR,sticky,diptera,9
DEMAR-S7,DEMAR,sticky,hemiptera,7
DEMAR-S8,DEMAR,sticky,diptera,15
DEMAR-S8,DEMAR,sticky,araneae,1
DEMAR-S9,DEMAR,sticky,diptera,49
DEMAR-S9,DEMAR,sticky,hemiptera,7
DEMAR-S9,DEMAR,sticky,hymenoptera,1
DEMAR-S10,DEMAR,sticky,coleoptera,1
DEMAR-S10,DEMAR,sticky,diptera,10
DEMAR-S11,DEMAR,sticky,coleoptera,1
DEMAR-S11,DEMAR,sticky,diptera,17
DEMAR-S12,DEMAR,sticky,coleoptera,1
DEMAR-S12,DEMAR,sticky,diptera,5
DEMAR-S12,DEMAR,sticky,hymenoptera,1
EMONI-S1,EMONI,sticky,coleoptera,1
EMONI-S1,EMONI,sticky,diptera,30
EMONI-S1,EMONI,sticky,gastropoda,1
EMONI-S2,EMONI,sticky,coleoptera,1
EMONI-S2,EMONI,sticky,diptera,5
EMONI-S3,EMONI,sticky,diptera,6
EMONI-S4,EMONI,sticky,diptera,13
EMONI-S4,EMONI,sticky,hemiptera,1
EMONI-S4,EMONI,sticky,hymenoptera,1
EMONI-S4,EMONI,sticky,orthoptera,1
EMONI-S5,EMONI,sticky,diptera,11
EMONI-S5,EMONI,sticky,hymenoptera,3
EMONI-S6,EMONI,sticky,diptera,10
EMONI-S7,EMONI,sticky,coleoptera,1
EMONI-S7,EMONI,sticky,diptera,15
EMONI-S8,EMONI,sticky,coleoptera,1
EMONI-S8,EMONI,sticky,diptera,9
EMONI-S8,EMONI,sticky,hemiptera,2
EMONI-S9,EMONI,sticky,coleoptera,1
EMONI-S9,EMONI,sticky,diptera,22
EMONI-S9,EMONI,sticky,hymenoptera,1
EMONI-S10,EMONI,sticky,diptera,3
EMONI-S11,EMONI,sticky,diptera,11
EMONI-S12,EMONI,sticky,diptera,1
EMONI-S12,EMONI,sticky,hymenoptera,1
MALYKO-S1,MALYKO,sticky,diptera,15
MALYKO-S2,MALYKO,sticky,diptera,18
MALYKO-S3,MALYKO,sticky,coleoptera,1
MALYKO-S3,MALYKO,sticky,diptera,18
MALYKO-S3,MALYKO,sticky,hymenoptera,3
MALYKO-S3,MALYKO,sticky,psocoptera,2
MALYKO-S4,MALYKO,sticky,coleoptera,1
MALYKO-S4,MALYKO,sticky,diptera,11
MALYKO-S4,MALYKO,sticky,hemiptera,1
MALYKO-S4,MALYKO,sticky,araneae,1
MALYKO-S5,MALYKO,sticky,coleoptera,2
MALYKO-S5,MALYKO,sticky,diptera,84
MALYKO-S5,MALYKO,sticky,hemiptera,1
MALYKO-S5,MALYKO,sticky,hymenoptera,10
MALYKO-S6,MALYKO,sticky,diptera,35
MALYKO-S6,MALYKO,sticky,hemiptera,1
MALYKO-S6,MALYKO,sticky,psocoptera,1
MALYKO-S7,MALYKO,sticky,diptera,18
MALYKO-S7,MALYKO,sticky,hemiptera,3
MALYKO-S7,MALYKO,sticky,hymenoptera,2
MALYKO-S9,MALYKO,sticky,coleoptera,1
MALYKO-S9,MALYKO,sticky,diptera,41
MALYKO-S9,MALYKO,sticky,hemiptera,4
MALYKO-S9,MALYKO,sticky,hymenoptera,12
MALYKO-S9,MALYKO,sticky,lepidoptera,1
MALYKO-S10,MALYKO,sticky,coleoptera,2
MALYKO-S10,MALYKO,sticky,diptera,11
MALYKO-S10,MALYKO,sticky,hemiptera,2
MALYKO-S10,MALYKO,sticky,hymenoptera,3
MALYKO-S11,MALYKO,sticky,coleoptera,1
MALYKO-S11,MALYKO,sticky,diptera,27
MALYKO-S11,MALYKO,sticky,hemiptera,4
MALYKO-S12,MALYKO,sticky,coleoptera,1
MALYKO-S12,MALYKO,sticky,diptera,21
MALYKO-S12,MALYKO,sticky,hemiptera,8
MALYKO-S12,MALYKO,sticky,psocoptera,7
NALYKO-S1,NALYKO,sticky,diptera,50
NALYKO-S1,NALYKO,sticky,araneae,1
NALYKO-S2,NALYKO,sticky,diptera,16
NALYKO-S3,NALYKO,sticky,diptera,54
NALYKO-S4,NALYKO,sticky,diptera,7
NALYKO-S4,NALYKO,sticky,hemiptera,1
NALYKO-S5,NALYKO,sticky,diptera,9
NALYKO-S5,NALYKO,sticky,hemiptera,1
NALYKO-S5,NALYKO,sticky,hymenoptera,1
NALYKO-S6,NALYKO,sticky,diptera,6
NALYKO-S7,NALYKO,sticky,diptera,24
NALYKO-S7,NALYKO,sticky,hemiptera,2
NALYKO-S8,NALYKO,sticky,diptera,18
NALYKO-S9,NALYKO,sticky,diptera,5
NALYKO-S9,NALYKO,sticky,hemiptera,1
NALYKO-S10,NALYKO,sticky,coleoptera,1
NALYKO-S10,NALYKO,sticky,diptera,12
NALYKO-S10,NALYKO,sticky,hemiptera,1
NALYKO-S11,NALYKO,sticky,diptera,12
NALYKO-S12,NALYKO,sticky,diptera,23
NALYKO-S12,NALYKO,sticky,hymenoptera,2
RACHI-S2,RACHI,sticky,diptera,3
RACHI-S2,RACHI,sticky,hemiptera,2
RACHI-S2,RACHI,sticky,orthoptera,1
RACHI-S3,RACHI,sticky,diptera,4
RACHI-S3,RACHI,sticky,hymenoptera,1
RACHI-S4,RACHI,sticky,diptera,2
RACHI-S4,RACHI,sticky,hemiptera,1
RACHI-S5,RACHI,sticky,diptera,6
RACHI-S5,RACHI,sticky,araneae,1
RACHI-S6,RACHI,sticky,diptera,4
RACHI-S7,RACHI,sticky,diptera,4
RACHI-S8,RACHI,sticky,diptera,2
RACHI-S8,RACHI,sticky,lepidoptera,1
RACHI-S9,RACHI,sticky,diptera,6
RACHI-S9,RACHI,sticky,hymenoptera,1
RACHI-S9,RACHI,sticky,araneae,1
RACHI-S10,RACHI,sticky,coleoptera,2
RACHI-S10,RACHI,sticky,diptera,4
RACHI-S10,RACHI,sticky,hemiptera,2
RACHI-S11,RACHI,sticky,diptera,4
RACHI-S11,RACHI,sticky,hymenoptera,3
RACHI-S11,RACHI,sticky,orthoptera,1
RACHI-S12,RACHI,sticky,hemiptera,1
RACHI-S12,RACHI,sticky,hymenoptera,2
RACHI-S12,RACHI,sticky,lepidoptera,1
SAGRI-S1,SAGRI,sticky,hemiptera,1
SAGRI-S1,SAGRI,sticky,hymenoptera,1
SAGRI-S1,SAGRI,sticky,orthoptera,1
SAGRI-S2,SAGRI,sticky,diptera,3
SAGRI-S3,SAGRI,sticky,araneae,1
SAGRI-S4,SAGRI,sticky,coleoptera,1
SAGRI-S4,SAGRI,sticky,diptera,2
SAGRI-S4,SAGRI,sticky,hemiptera,1
SAGRI-S5,SAGRI,sticky,diptera,2
SAGRI-S6,SAGRI,sticky,coleoptera,1
SAGRI-S6,SAGRI,sticky,diptera,15
SAGRI-S7,SAGRI,sticky,diptera,5
SAGRI-S7,SAGRI,sticky,hemiptera,1
SAGRI-S7,SAGRI,sticky,orthoptera,1
SAGRI-S8,SAGRI,sticky,coleoptera,1
SAGRI-S8,SAGRI,sticky,diptera,6
SAGRI-S8,SAGRI,sticky,hemiptera,1
SAGRI-S8,SAGRI,sticky,hymenoptera,1
SAGRI-S9,SAGRI,sticky,coleoptera,1
SAGRI-S9,SAGRI,sticky,diptera,3
SAGRI-S9,SAGRI,sticky,hemiptera,1
SAGRI-S9,SAGRI,sticky,hymenoptera,3
SAGRI-S10,SAGRI,sticky,hymenoptera,1
SAGRI-S11,SAGRI,sticky,diptera,5
SAGRI-S11,SAGRI,sticky,hymenoptera,2
SAGRI-S12,SAGRI,sticky,diptera,4
SMONI-S1,SMONI,sticky,diptera,37
SMONI-S1,SMONI,sticky,hemiptera,3
SMONI-S2,SMONI,sticky,diptera,30
SMONI-S2,SMONI,sticky,hymenoptera,1
SMONI-S3,SMONI,sticky,coleoptera,4
SMONI-S3,SMONI,sticky,diptera,49
SMONI-S3,SMONI,sticky,hemiptera,1
SMONI-S4,SMONI,sticky,diptera,42
SMONI-S4,SMONI,sticky,hymenoptera,1
SMONI-S4,SMONI,sticky,raphidioptera,1
SMONI-S5,SMONI,sticky,coleoptera,1
SMONI-S5,SMONI,sticky,diptera,24
SMONI-S5,SMONI,sticky,araneae,1
SMONI-S6,SMONI,sticky,diptera,34
SMONI-S6,SMONI,sticky,hemiptera,2
SMONI-S6,SMONI,sticky,hymenoptera,4
SMONI-S6,SMONI,sticky,raphidioptera,1
SMONI-S7,SMONI,sticky,coleoptera,1
SMONI-S7,SMONI,sticky,diptera,39
SMONI-S7,SMONI,sticky,hemiptera,7
SMONI-S7,SMONI,sticky,hymenoptera,1
SMONI-S8,SMONI,sticky,diptera,14
SMONI-S8,SMONI,sticky,hemiptera,3
SMONI-S8,SMONI,sticky,hymenoptera,1
SMONI-S8,SMONI,sticky,raphidioptera,13
SMONI-S9,SMONI,sticky,diptera,33
SMONI-S9,SMONI,sticky,hemiptera,10
SMONI-S9,SMONI,sticky,hymenoptera,1
SMONI-S9,SMONI,sticky,raphidioptera,1
SMONI-S10,SMONI,sticky,coleoptera,1
SMONI-S10,SMONI,sticky,diptera,70
SMONI-S10,SMONI,sticky,hemiptera,6
SMONI-S10,SMONI,sticky,hymenoptera,3
SMONI-S11,SMONI,sticky,coleoptera,1
SMONI-S11,SMONI,sticky,diptera,19
SMONI-S11,SMONI,sticky,hemiptera,2
SMONI-S12,SMONI,sticky,diptera,25
SMONI-S12,SMONI,sticky,hemiptera,4
SMONI-S12,SMONI,sticky,raphidioptera,2
VIGLA-S1,VIGLA,sticky,diptera,15
VIGLA-S1,VIGLA,sticky,hymenoptera,3
VIGLA-S1,VIGLA,sticky,embioptera,2
VIGLA-S2,VIGLA,sticky,coleoptera,1
VIGLA-S2,VIGLA,sticky,diptera,16
VIGLA-S2,VIGLA,sticky,hymenoptera,1
VIGLA-S3,VIGLA,sticky,coleoptera,2
VIGLA-S3,VIGLA,sticky,diptera,22
VIGLA-S3,VIGLA,sticky,embioptera,4
VIGLA-S4,VIGLA,sticky,diptera,13
VIGLA-S4,VIGLA,sticky,hemiptera,1
VIGLA-S4,VIGLA,sticky,hymenoptera,1
VIGLA-S4,VIGLA,sticky,orthoptera,1
VIGLA-S4,VIGLA,sticky,embioptera,6
VIGLA-S5,VIGLA,sticky,coleoptera,4
VIGLA-S5,VIGLA,sticky,diptera,13
VIGLA-S5,VIGLA,sticky,embioptera,2
VIGLA-S6,VIGLA,sticky,coleoptera,1
VIGLA-S6,VIGLA,sticky,diptera,8
VIGLA-S6,VIGLA,sticky,hemiptera,2
VIGLA-S6,VIGLA,sticky,hymenoptera,2
VIGLA-S6,VIGLA,sticky,embioptera,11
VIGLA-S7,VIGLA,sticky,coleoptera,1
VIGLA-S7,VIGLA,sticky,diptera,4
VIGLA-S7,VIGLA,sticky,embioptera,7
VIGLA-S8,VIGLA,sticky,coleoptera,2
VIGLA-S8,VIGLA,sticky,diptera,10
VIGLA-S8,VIGLA,sticky,embioptera,1
VIGLA-S9,VIGLA,sticky,diptera,20
VIGLA-S9,VIGLA,sticky,hemiptera,2
VIGLA-S9,VIGLA,sticky,hymenoptera,2
VIGLA-S9,VIGLA,sticky,embioptera,7
VIGLA-S9,VIGLA,sticky,araneae,1
VIGLA-S10,VIGLA,sticky,coleoptera,2
VIGLA-S10,VIGLA,sticky,diptera,22
VIGLA-S10,VIGLA,sticky,hemiptera,2
VIGLA-S10,VIGLA,sticky,hymenoptera,2
VIGLA-S10,VIGLA,sticky,embioptera,4
VIGLA-S11,VIGLA,sticky,diptera,10
VIGLA-S11,VIGLA,sticky,hemiptera,2
VIGLA-S11,VIGLA,sticky,hymenoptera,2
VIGLA-S11,VIGLA,sticky,embioptera,2
VIGLA-S11,VIGLA,sticky,araneae,1
VIGLA-S12,VIGLA,sticky,diptera,16
VIGLA-S12,VIGLA,sticky,embioptera,4
VIGLA-S12,VIGLA,sticky,araneae,1
WMONI-S1,WMONI,sticky,diptera,12
WMONI-S2,WMONI,sticky,coleoptera,2
WMONI-S2,WMONI,sticky,diptera,26
WMONI-S2,WMONI,sticky,hemiptera,3
WMONI-S2,WMONI,sticky,hymenoptera,4
WMONI-S3,WMONI,sticky,coleoptera,1
WMONI-S3,WMONI,sticky,diptera,33
WMONI-S3,WMONI,sticky,hemiptera,1
WMONI-S4,WMONI,sticky,coleoptera,3
WMONI-S4,WMONI,sticky,diptera,23
WMONI-S4,WMONI,sticky,hemiptera,1
WMONI-S4,WMONI,sticky,embioptera,2
WMONI-S4,WMONI,sticky,raphidioptera,1
WMONI-S5,WMONI,sticky,coleoptera,5
WMONI-S5,WMONI,sticky,diptera,21
WMONI-S6,WMONI,sticky,coleoptera,1
WMONI-S6,WMONI,sticky,diptera,11
WMONI-S6,WMONI,sticky,hemiptera,2
WMONI-S6,WMONI,sticky,embioptera,1
WMONI-S7,WMONI,sticky,coleoptera,2
WMONI-S7,WMONI,sticky,diptera,18
WMONI-S7,WMONI,sticky,hymenoptera,2
WMONI-S7,WMONI,sticky,embioptera,1
WMONI-S7,WMONI,sticky,acari,1
WMONI-S7,WMONI,sticky,araneae,1
WMONI-S8,WMONI,sticky,coleoptera,4
WMONI-S8,WMONI,sticky,diptera,47
WMONI-S8,WMONI,sticky,hymenoptera,2
WMONI-S8,WMONI,sticky,acari,1
WMONI-S8,WMONI,sticky,araneae,1
WMONI-S9,WMONI,sticky,coleoptera,1
WMONI-S9,WMONI,sticky,diptera,30
WMONI-S9,WMONI,sticky,acari,1
WMONI-S10,WMONI,sticky,coleoptera,1
WMONI-S10,WMONI,sticky,diptera,34
WMONI-S10,WMONI,sticky,hymenoptera,4
WMONI-S10,WMONI,sticky,collembola,1
WMONI-S10,WMONI,sticky,embioptera,1
WMONI-S10,WMONI,sticky,acari,6
WMONI-S10,WMONI,sticky,araneae,1
WMONI-S11,WMONI,sticky,coleoptera,4
WMONI-S11,WMONI,sticky,diptera,26
WMONI-S11,WMONI,sticky,hymenoptera,5
WMONI-S11,WMONI,sticky,araneae,1
WMONI-S12,WMONI,sticky,diptera,28
WMONI-S12,WMONI,sticky,hemiptera,7
WMONI-S12,WMONI,sticky,hymenoptera,1
DEMAR-D518-36,DEMAR,diet,coleoptera,1
DEMAR-D518-36,DEMAR,diet,hemiptera,6
DEMAR-D518-36,DEMAR,diet,thysanura,1
DEMAR-D518-36,DEMAR,diet,araneae,1
DEMAR-D518-20,DEMAR,diet,coleoptera,3
DEMAR-D518-20,DEMAR,diet,hymenoptera,2
DEMAR-D518-20,DEMAR,diet,araneae,2
DEMAR-D518-20,DEMAR,diet,gastropoda,1
DEMAR-D518-21,DEMAR,diet,coleoptera,1
DEMAR-D518-21,DEMAR,diet,hemiptera,2
DEMAR-D518-21,DEMAR,diet,lepidoptera,1
DEMAR-D518-21,DEMAR,diet,araneae,1
DEMAR-D518-02,DEMAR,diet,coleoptera,2
DEMAR-D518-02,DEMAR,diet,hemiptera,2
DEMAR-D518-02,DEMAR,diet,araneae,1
DEMAR-D518-04,DEMAR,diet,hemiptera,2
DEMAR-D518-04,DEMAR,diet,hymenoptera,1
DEMAR-D518-04,DEMAR,diet,orthoptera,1
DEMAR-D518-12,DEMAR,diet,hemiptera,1
DEMAR-D518-12,DEMAR,diet,orthoptera,1
DEMAR-D518-24,DEMAR,diet,hemiptera,1
DEMAR-D518-24,DEMAR,diet,hymenoptera,1
DEMAR-D518-24,DEMAR,diet,araneae,2
DEMAR-D518-24,DEMAR,diet,gastropoda,1
DEMAR-D518-11,DEMAR,diet,hemiptera,3
DEMAR-D518-11,DEMAR,diet,hymenoptera,1
DEMAR-D518-11,DEMAR,diet,orthoptera,1
DEMAR-D518-11,DEMAR,diet,araneae,1
DEMAR-D518-15,DEMAR,diet,hemiptera,1
DEMAR-D518-15,DEMAR,diet,araneae,4
DEMAR-D518-15,DEMAR,diet,gastropoda,1
DEMAR-D518-08,DEMAR,diet,diptera,1
DEMAR-D518-08,DEMAR,diet,hemiptera,1
DEMAR-D518-08,DEMAR,diet,araneae,2
DEMAR-D518-08,DEMAR,diet,isopoda,1
DEMAR-D518-16,DEMAR,diet,araneae,1
DEMAR-D518-10,DEMAR,diet,hemiptera,1
DEMAR-D518-10,DEMAR,diet,thysanura,1
DEMAR-D518-10,DEMAR,diet,araneae,1
DEMAR-D518-33,DEMAR,diet,hemiptera,1
DEMAR-D518-33,DEMAR,diet,isopoda,1
DEMAR-D518-18,DEMAR,diet,lepidoptera,1
DEMAR-D518-18,DEMAR,diet,orthoptera,1
DEMAR-D518-29,DEMAR,diet,coleoptera,3
DEMAR-D518-29,DEMAR,diet,hemiptera,1
DEMAR-D518-29,DEMAR,diet,araneae,1
DEMAR-D518-29,DEMAR,diet,gastropoda,1
DEMAR-D518-09,DEMAR,diet,coleoptera,1
DEMAR-D518-09,DEMAR,diet,hymenoptera,1
DEMAR-D518-09,DEMAR,diet,larvae,1
DEMAR-D518-39,DEMAR,diet,coleoptera,1
DEMAR-D518-39,DEMAR,diet,hemiptera,1
DEMAR-D518-39,DEMAR,diet,araneae,1
DEMAR-D518-39,DEMAR,diet,egg,1
DEMAR-D518-27,DEMAR,diet,coleoptera,2
DEMAR-D518-27,DEMAR,diet,hymenoptera,2
DEMAR-D518-27,DEMAR,diet,isopoda,1
DEMAR-D518-37,DEMAR,diet,coleoptera,1
DEMAR-D518-37,DEMAR,diet,orthoptera,1
DEMAR-D518-37,DEMAR,diet,araneae,1
DEMAR-D518-05,DEMAR,diet,coleoptera,2
DEMAR-D518-05,DEMAR,diet,hymenoptera,3
DEMAR-D518-19,DEMAR,diet,coleoptera,2
DEMAR-D518-19,DEMAR,diet,hemiptera,2
DEMAR-D518-19,DEMAR,diet,hymenoptera,3
DEMAR-D518-19,DEMAR,diet,araneae,1
DEMAR-D518-19,DEMAR,diet,larvae,1
DEMAR-D518-35,DEMAR,diet,coleoptera,1
DEMAR-D518-35,DEMAR,diet,hemiptera,5
DEMAR-D518-35,DEMAR,diet,araneae,1
DEMAR-D518-35,DEMAR,diet,gastropoda,1
DEMAR-D518-32,DEMAR,diet,coleoptera,2
DEMAR-D518-32,DEMAR,diet,hemiptera,5
DEMAR-D518-32,DEMAR,diet,araneae,3
DEMAR-D518-38,DEMAR,diet,coleoptera,3
DEMAR-D518-38,DEMAR,diet,hemiptera,1
DEMAR-D518-38,DEMAR,diet,hymenoptera,2
DEMAR-D518-38,DEMAR,diet,larvae,1
DEMAR-D518-31,DEMAR,diet,coleoptera,1
DEMAR-D518-31,DEMAR,diet,araneae,1
DEMAR-D518-23,DEMAR,diet,hemiptera,1
DEMAR-D518-23,DEMAR,diet,orthoptera,1
DEMAR-D518-26,DEMAR,diet,araneae,1
DEMAR-D518-26,DEMAR,diet,egg,1
DEMAR-D518-28,DEMAR,diet,orthoptera,1
DEMAR-D518-28,DEMAR,diet,araneae,1
DEMAR-D518-07,DEMAR,diet,coleoptera,2
DEMAR-D518-07,DEMAR,diet,orthoptera,1
DEMAR-D518-13,DEMAR,diet,hemiptera,1
DEMAR-D518-13,DEMAR,diet,hymenoptera,1
DEMAR-D518-13,DEMAR,diet,araneae,1
EMONI-D516-03,EMONI,diet,coleoptera,1
EMONI-D516-03,EMONI,diet,hymenoptera,1
EMONI-D516-03,EMONI,diet,araneae,1
EMONI-D516-06,EMONI,diet,coleoptera,1
EMONI-D516-06,EMONI,diet,hemiptera,1
EMONI-D516-06,EMONI,diet,hymenoptera,7
EMONI-D516-06,EMONI,diet,araneae,2
EMONI-D516-06,EMONI,diet,larvae,1
EMONI-D516-07,EMONI,diet,coleoptera,2
EMONI-D516-07,EMONI,diet,hymenoptera,8
EMONI-D516-09,EMONI,diet,hemiptera,2
EMONI-D516-09,EMONI,diet,hymenoptera,3
EMONI-D516-09,EMONI,diet,araneae,4
EMONI-D516-14,EMONI,diet,coleoptera,4
EMONI-D516-14,EMONI,diet,hymenoptera,3
EMONI-D516-14,EMONI,diet,araneae,1
EMONI-D516-14,EMONI,diet,larvae,1
EMONI-D516-15,EMONI,diet,larvae,1
EMONI-D516-17-a,EMONI,diet,coleoptera,1
EMONI-D516-17-a,EMONI,diet,hymenoptera,1
EMONI-D516-17-a,EMONI,diet,acari,1
EMONI-D516-17-a,EMONI,diet,larvae,1
EMONI-D516-17-b,EMONI,diet,hemiptera,1
EMONI-D516-17-b,EMONI,diet,hymenoptera,1
EMONI-D516-17-b,EMONI,diet,araneae,1
EMONI-D516-17-b,EMONI,diet,larvae,1
EMONI-D516-20,EMONI,diet,coleoptera,2
EMONI-D516-20,EMONI,diet,hymenoptera,2
EMONI-D516-20,EMONI,diet,acari,4
EMONI-D516-22,EMONI,diet,coleoptera,1
EMONI-D516-22,EMONI,diet,araneae,1
EMONI-D516-22,EMONI,diet,gastropoda,1
EMONI-D516-23,EMONI,diet,coleoptera,1
EMONI-D516-23,EMONI,diet,diptera,1
EMONI-D516-23,EMONI,diet,hemiptera,1
EMONI-D516-23,EMONI,diet,araneae,1
EMONI-D516-25,EMONI,diet,orthoptera,1
EMONI-D516-26,EMONI,diet,hemiptera,1
EMONI-D516-26,EMONI,diet,hymenoptera,6
EMONI-D516-26,EMONI,diet,araneae,1
EMONI-D516-26,EMONI,diet,gastropoda,1
EMONI-D516-26,EMONI,diet,larvae,1
EMONI-D516-29,EMONI,diet,coleoptera,3
EMONI-D516-29,EMONI,diet,hemiptera,2
EMONI-D516-29,EMONI,diet,hymenoptera,3
EMONI-D516-29,EMONI,diet,acari,3
EMONI-D516-29,EMONI,diet,araneae,3
EMONI-D516-29,EMONI,diet,larvae,3
MALYKO-D-602-17,MALYKO,diet,hymenoptera,5
MALYKO-D-602-17,MALYKO,diet,orthoptera,1
MALYKO-D-602-17,MALYKO,diet,araneae,2
MALYKO-D-602-17,MALYKO,diet,isopoda,1
MALYKO-D-602-17,MALYKO,diet,gastropoda,1
MALYKO-D-602-11,MALYKO,diet,araneae,1
MALYKO-D-602-21,MALYKO,diet,pseudoscorpiones,1
MALYKO-D-602-20,MALYKO,diet,hemiptera,9
MALYKO-D-602-20,MALYKO,diet,hymenoptera,1
MALYKO-D-602-K2,MALYKO,diet,diptera,1
MALYKO-D-602-K2,MALYKO,diet,hymenoptera,3
MALYKO-D-602-02,MALYKO,diet,coleoptera,1
MALYKO-D-602-02,MALYKO,diet,hemiptera,1
MALYKO-D-602-02,MALYKO,diet,orthoptera,1
MALYKO-D-602-02,MALYKO,diet,thysanura,1
MALYKO-D-602-02,MALYKO,diet,acari,4
MALYKO-D-602-02,MALYKO,diet,larvae,3
MALYKO-D-602-07,MALYKO,diet,coleoptera,1
MALYKO-D-602-10,MALYKO,diet,thysanura,1
MALYKO-D-602-09,MALYKO,diet,hymenoptera,1
MALYKO-D-602-12,MALYKO,diet,coleoptera,4
MALYKO-D-602-12,MALYKO,diet,hymenoptera,1
MALYKO-D-602-15,MALYKO,diet,coleoptera,1
NALYKO-D-601-01,NALYKO,diet,blattodea,1
NALYKO-D-601-01,NALYKO,diet,coleoptera,2
NALYKO-D-601-01,NALYKO,diet,araneae,1
NALYKO-D-601-06,NALYKO,diet,coleoptera,2
NALYKO-D-601-06,NALYKO,diet,araneae,1
NALYKO-D-601-06,NALYKO,diet,pseudoscorpiones,1
NALYKO-D-601-06,NALYKO,diet,larvae,1
NALYKO-D-601-07,NALYKO,diet,blattodea,1
NALYKO-D-601-07,NALYKO,diet,larvae,1
NALYKO-D-601-04,NALYKO,diet,coleoptera,1
NALYKO-D-601-04,NALYKO,diet,larvae,1
NALYKO-D-601-05,NALYKO,diet,odonata,1
NALYKO-D-601-05,NALYKO,diet,araneae,1
NALYKO-D-601-02,NALYKO,diet,blattodea,1
RACHI-D320-14,RACHI,diet,coleoptera,1
RACHI-D320-14,RACHI,diet,hymenoptera,3
RACHI-D320-14,RACHI,diet,gastropoda,1
RACHI-D320-04,RACHI,diet,hymenoptera,1
RACHI-D320-04,RACHI,diet,araneae,1
RACHI-D320-08,RACHI,diet,orthoptera,1
RACHI-D320-08,RACHI,diet,gastropoda,1
RACHI-D320-03,RACHI,diet,diptera,1
RACHI-D320-03,RACHI,diet,hymenoptera,1
RACHI-D320-03,RACHI,diet,araneae,1
RACHI-D320-03,RACHI,diet,gastropoda,1
RACHI-D320-09,RACHI,diet,coleoptera,1
RACHI-D320-09,RACHI,diet,hymenoptera,1
RACHI-D320-09,RACHI,diet,gastropoda,1
RACHI-D320-12,RACHI,diet,coleoptera,1
RACHI-D320-12,RACHI,diet,orthoptera,1
RACHI-D320-12,RACHI,diet,araneae,1
RACHI-D320-12,RACHI,diet,larvae,2
RACHI-D320-02,RACHI,diet,diptera,1
RACHI-D320-02,RACHI,diet,hymenoptera,1
RACHI-D320-02,RACHI,diet,orthoptera,1
RACHI-D320-06,RACHI,diet,hymenoptera,1
RACHI-D320-06,RACHI,diet,araneae,1
RACHI-D320-05,RACHI,diet,coleoptera,1
RACHI-D320-05,RACHI,diet,hymenoptera,1
RACHI-D320-05,RACHI,diet,araneae,1
RACHI-D320-05,RACHI,diet,gastropoda,1
RACHI-D320-13,RACHI,diet,hemiptera,1
RACHI-D320-13,RACHI,diet,hymenoptera,1
SAGRI-D 521-03,SAGRI,diet,coleoptera,1
SAGRI-D 521-03,SAGRI,diet,hemiptera,1
SAGRI-D 521-10,SAGRI,diet,coleoptera,1
SAGRI-D 521-10,SAGRI,diet,orthoptera,1
SAGRI-D 521-10,SAGRI,diet,gastropoda,1
SAGRI-D 521-01,SAGRI,diet,hemiptera,1
SAGRI-D 521-01,SAGRI,diet,hymenoptera,1
SAGRI-D 521-11,SAGRI,diet,orthoptera,1
SAGRI-D 521-11,SAGRI,diet,egg,7
SAGRI-D 521-08,SAGRI,diet,orthoptera,1
SAGRI-D 521-07,SAGRI,diet,orthoptera,1
SAGRI-D 521-09,SAGRI,diet,hemiptera,1
SAGRI-D 521-09,SAGRI,diet,orthoptera,1
SAGRI-D 521-09,SAGRI,diet,araneae,1
SMONI-D522-01,SMONI,diet,coleoptera,1
SMONI-D522-01,SMONI,diet,araneae,1
SMONI-D522-17,SMONI,diet,coleoptera,2
SMONI-D522-17,SMONI,diet,hymenoptera,1
SMONI-D522-17,SMONI,diet,isopoda,1
SMONI-D522-35,SMONI,diet,coleoptera,1
SMONI-D522-35,SMONI,diet,hymenoptera,1
SMONI-D522-33,SMONI,diet,hemiptera,2
SMONI-D522-33,SMONI,diet,araneae,1
SMONI-D522-03,SMONI,diet,coleoptera,1
SMONI-D522-03,SMONI,diet,hymenoptera,1
SMONI-D522-22,SMONI,diet,coleoptera,2
SMONI-D522-22,SMONI,diet,hemiptera,2
SMONI-D522-22,SMONI,diet,orthoptera,1
SMONI-D522-22,SMONI,diet,gastropoda,1
SMONI-D522-22,SMONI,diet,larvae,1
SMONI-D522-05,SMONI,diet,hymenoptera,3
SMONI-D522-05,SMONI,diet,araneae,2
SMONI-D522-26,SMONI,diet,hemiptera,1
SMONI-D522-26,SMONI,diet,hymenoptera,1
SMONI-D522-26,SMONI,diet,araneae,2
SMONI-D522-26,SMONI,diet,isopoda,1
SMONI-D522-04,SMONI,diet,coleoptera,1
SMONI-D522-04,SMONI,diet,larvae,1
SMONI-D522-21,SMONI,diet,blattodea,1
SMONI-D522-21,SMONI,diet,coleoptera,1
SMONI-D522-21,SMONI,diet,gastropoda,1
SMONI-D522-21,SMONI,diet,larvae,3
SMONI-D522-38,SMONI,diet,hymenoptera,2
SMONI-D522-38,SMONI,diet,araneae,2
SMONI-D522-38,SMONI,diet,isopoda,1
SMONI-D522-09,SMONI,diet,hymenoptera,2
SMONI-D522-09,SMONI,diet,lepidoptera,1
SMONI-D522-09,SMONI,diet,larvae,1
SMONI-D522-06,SMONI,diet,hemiptera,1
SMONI-D522-06,SMONI,diet,orthoptera,1
SMONI-D522-06,SMONI,diet,larvae,2
SMONI-D522-34,SMONI,diet,lepidoptera,1
SMONI-D522-34,SMONI,diet,araneae,1
SMONI-D522-34,SMONI,diet,gastropoda,1
SMONI-D522-34,SMONI,diet,larvae,1
SMONI-D522-19,SMONI,diet,hemiptera,2
SMONI-D522-19,SMONI,diet,larvae,1
SMONI-D522-32,SMONI,diet,blattodea,1
SMONI-D522-32,SMONI,diet,hemiptera,3
SMONI-D522-32,SMONI,diet,hymenoptera,1
SMONI-D522-32,SMONI,diet,lepidoptera,1
SMONI-D522-32,SMONI,diet,araneae,1
SMONI-D522-32,SMONI,diet,larvae,1
SMONI-D522-39,SMONI,diet,hymenoptera,1
SMONI-D522-10,SMONI,diet,coleoptera,1
SMONI-D522-10,SMONI,diet,hymenoptera,3
SMONI-D522-13,SMONI,diet,diptera,1
SMONI-D522-13,SMONI,diet,hemiptera,17
SMONI-D522-13,SMONI,diet,hymenoptera,3
SMONI-D522-02,SMONI,diet,coleoptera,2
SMONI-D522-02,SMONI,diet,gastropoda,1
SMONI-D522-02,SMONI,diet,larvae,1
SMONI-D522-30,SMONI,diet,coleoptera,1
SMONI-D522-30,SMONI,diet,hymenoptera,3
SMONI-D522-30,SMONI,diet,gastropoda,1
SMONI-D522-24,SMONI,diet,larvae,1
SMONI-D522-07,SMONI,diet,coleoptera,1
SMONI-D522-07,SMONI,diet,isopoda,1
SMONI-D522-37,SMONI,diet,coleoptera,3
SMONI-D522-37,SMONI,diet,isopoda,1
SMONI-D522-37,SMONI,diet,larvae,1
VIGLA-D517-14,VIGLA,diet,hemiptera,1
VIGLA-D517-14,VIGLA,diet,orthoptera,1
VIGLA-D517-14,VIGLA,diet,gastropoda,1
VIGLA-D517-20,VIGLA,diet,hemiptera,22
VIGLA-D517-20,VIGLA,diet,hymenoptera,1
VIGLA-D517-20,VIGLA,diet,gastropoda,1
VIGLA-D517-20,VIGLA,diet,larvae,2
VIGLA-D517-03,VIGLA,diet,coleoptera,2
VIGLA-D517-03,VIGLA,diet,araneae,1
VIGLA-D517-03,VIGLA,diet,larvae,2
VIGLA-D517-01,VIGLA,diet,hymenoptera,1
VIGLA-D517-02,VIGLA,diet,hemiptera,1
VIGLA-D517-02,VIGLA,diet,hymenoptera,1
VIGLA-D517-10,VIGLA,diet,coleoptera,1
VIGLA-D517-10,VIGLA,diet,acari,1
VIGLA-D517-23,VIGLA,diet,coleoptera,1
VIGLA-D517-23,VIGLA,diet,hemiptera,1
VIGLA-D517-23,VIGLA,diet,lepidoptera,1
VIGLA-D517-23,VIGLA,diet,araneae,1
VIGLA-D517-15,VIGLA,diet,coleoptera,1
VIGLA-D517-15,VIGLA,diet,hemiptera,7
VIGLA-D517-15,VIGLA,diet,hymenoptera,1
VIGLA-D517-15,VIGLA,diet,egg,1
VIGLA-D517-19,VIGLA,diet,diptera,1
VIGLA-D517-19,VIGLA,diet,hemiptera,1
VIGLA-D517-19,VIGLA,diet,gastropoda,1
VIGLA-D517-19,VIGLA,diet,larvae,1
VIGLA-D517-06,VIGLA,diet,hemiptera,1
VIGLA-D517-06,VIGLA,diet,hymenoptera,4
VIGLA-D517-16,VIGLA,diet,hemiptera,1
VIGLA-D517-16,VIGLA,diet,hymenoptera,1
VIGLA-D517-16,VIGLA,diet,araneae,1
VIGLA-D517-22,VIGLA,diet,coleoptera,1
VIGLA-D517-22,VIGLA,diet,hemiptera,48
VIGLA-D517-22,VIGLA,diet,gastropoda,1
VIGLA-D517-22,VIGLA,diet,larvae,2
VIGLA-D517-21,VIGLA,diet,hemiptera,1
VIGLA-D517-21,VIGLA,diet,hymenoptera,1
VIGLA-D517-21,VIGLA,diet,araneae,2
VIGLA-D517-21,VIGLA,diet,larvae,2
VIGLA-D517-17,VIGLA,diet,coleoptera,1
VIGLA-D517-17,VIGLA,diet,hemiptera,2
VIGLA-D517-17,VIGLA,diet,hymenoptera,3
VIGLA-D517-17,VIGLA,diet,gastropoda,1
VIGLA-D517-12,VIGLA,diet,hemiptera,2
VIGLA-D517-25,VIGLA,diet,coleoptera,2
VIGLA-D517-25,VIGLA,diet,hemiptera,1
VIGLA-D517-25,VIGLA,diet,gastropoda,1
VIGLA-D517-18,VIGLA,diet,coleoptera,1
VIGLA-D517-18,VIGLA,diet,hemiptera,22
VIGLA-D517-18,VIGLA,diet,hymenoptera,3
VIGLA-D517-18,VIGLA,diet,lepidoptera,1
VIGLA-D517-18,VIGLA,diet,acari,1
VIGLA-D517-18,VIGLA,diet,gastropoda,1
WMONI-D523-30,WMONI,diet,coleoptera,1
WMONI-D523-30,WMONI,diet,hymenoptera,1
WMONI-D523-18,WMONI,diet,diptera,1
WMONI-D523-18,WMONI,diet,araneae,1
WMONI-D523-34,WMONI,diet,hymenoptera,1
WMONI-D523-34,WMONI,diet,lepidoptera,1
WMONI-D523-34,WMONI,diet,gastropoda,1
WMONI-D523-27,WMONI,diet,gastropoda,1
WMONI-D523-27,WMONI,diet,larvae,1
WMONI-D523-09,WMONI,diet,coleoptera,2
WMONI-D523-09,WMONI,diet,larvae,1
WMONI-D523-51,WMONI,diet,coleoptera,1
WMONI-D523-51,WMONI,diet,hemiptera,3
WMONI-D523-51,WMONI,diet,hymenoptera,2
WMONI-D523-51,WMONI,diet,orthoptera,1
WMONI-D523-51,WMONI,diet,gastropoda,1
WMONI-D523-17,WMONI,diet,coleoptera,2
WMONI-D523-17,WMONI,diet,hymenoptera,2
WMONI-D523-17,WMONI,diet,orthoptera,1
WMONI-D523-36,WMONI,diet,coleoptera,3
WMONI-D523-36,WMONI,diet,araneae,1
WMONI-D523-36,WMONI,diet,larvae,1
WMONI-D523-41,WMONI,diet,coleoptera,1
WMONI-D523-41,WMONI,diet,hemiptera,1
WMONI-D523-22,WMONI,diet,hemiptera,1
WMONI-D523-22,WMONI,diet,larvae,1
WMONI-D523-19,WMONI,diet,orthoptera,1
WMONI-D523-10,WMONI,diet,hymenoptera,1
WMONI-D523-10,WMONI,diet,orthoptera,1
WMONI-D523-24,WMONI,diet,hemiptera,1
WMONI-D523-24,WMONI,diet,araneae,1
WMONI-D523-35,WMONI,diet,hemiptera,1
WMONI-D523-35,WMONI,diet,orthoptera,2
WMONI-D523-35,WMONI,diet,larvae,1
WMONI-D523-54,WMONI,diet,diptera,1
WMONI-D523-54,WMONI,diet,hemiptera,1
WMONI-D523-54,WMONI,diet,gastropoda,1
WMONI-D523-54,WMONI,diet,larvae,1
WMONI-D523-14,WMONI,diet,coleoptera,2
WMONI-D523-14,WMONI,diet,hymenoptera,1
WMONI-D523-14,WMONI,diet,larvae,1
WMONI-D523-15,WMONI,diet,coleoptera,2
WMONI-D523-15,WMONI,diet,hemiptera,1
WMONI-D523-03,WMONI,diet,coleoptera,1
WMONI-D523-03,WMONI,diet,hemiptera,1
WMONI-D523-03,WMONI,diet,araneae,1
WMONI-D523-23,WMONI,diet,coleoptera,2
WMONI-D523-23,WMONI,diet,hemiptera,1
WMONI-D523-23,WMONI,diet,hymenoptera,1
WMONI-D523-23,WMONI,diet,larvae,2
WMONI-D523-37,WMONI,diet,coleoptera,1
WMONI-D523-37,WMONI,diet,hemiptera,2
WMONI-D523-37,WMONI,diet,hymenoptera,2
WMONI-D523-37,WMONI,diet,lepidoptera,1
WMONI-D523-37,WMONI,diet,araneae,2
WMONI-D523-37,WMONI,diet,gastropoda,1
WMONI-D523-29,WMONI,diet,coleoptera,1
WMONI-D523-29,WMONI,diet,lepidoptera,1
WMONI-D523-13,WMONI,diet,coleoptera,3
WMONI-D523-31,WMONI,diet,hemiptera,2
WMONI-D523-31,WMONI,diet,raphidioptera,1
WMONI-D523-31,WMONI,diet,larvae,1
WMONI-D523-11,WMONI,diet,coleoptera,2
WMONI-D523-11,WMONI,diet,gastropoda,1
WMONI-D523-25,WMONI,diet,coleoptera,1
WMONI-D523-25,WMONI,diet,hymenoptera,2
WMONI-D523-49,WMONI,diet,coleoptera,1
WMONI-D523-49,WMONI,diet,hemiptera,1
WMONI-D523-49,WMONI,diet,hymenoptera,1
WMONI-D523-32,WMONI,diet,coleoptera,2
WMONI-D523-32,WMONI,diet,larvae,1
WMONI-D523-50,WMONI,diet,coleoptera,1
WMONI-D523-50,WMONI,diet,hemiptera,2
WMONI-D523-50,WMONI,diet,hymenoptera,2
WMONI-D523-50,WMONI,diet,gastropoda,1
WMONI-D523-06,WMONI,diet,coleoptera,1
WMONI-D523-06,WMONI,diet,hemiptera,1
WMONI-D523-06,WMONI,diet,hymenoptera,1
